Kenneth;Sherrell;Kenneth.Sherrell@gamuda.com.my;10355
Bryan;Leavitt;Bryan.Leavitt@gamuda.com.my;10356
Melissa;Dawson;Melissa.Dawson@gamuda.com.my;10357
Mathew;Parker;Mathew.Parker@gamuda.com.my;10358
William;Kelley;William.Kelley@gamuda.com.my;10359
Robert;Davenport;Robert.Davenport@gamuda.com.my;10360
David;Tomasini;David.Tomasini@gamuda.com.my;10361
Linda;Hall;Linda.Hall@gamuda.com.my;10362
Charles;Weber;Charles.Weber@gamuda.com.my;10363
Rachel;Jones;Rachel.Jones@gamuda.com.my;10364
Richard;Cook;Richard.Cook@gamuda.com.my;10365
Katherine;Bronson;Katherine.Bronson@gamuda.com.my;10366
Jasmine;Smith;Jasmine.Smith@gamuda.com.my;10367
Suzanne;Quint;Suzanne.Quint@gamuda.com.my;10368
Jennifer;Lilly;Jennifer.Lilly@gamuda.com.my;10369
Jacqueline;Cupp;Jacqueline.Cupp@gamuda.com.my;10370
Tyrone;Johnson;Tyrone.Johnson@gamuda.com.my;10371
Brenda;Niemi;Brenda.Niemi@gamuda.com.my;10372
Robert;Carlson;Robert.Carlson@gamuda.com.my;10373
Rita;Taylor;Rita.Taylor@gamuda.com.my;10374
Tammy;Jessen;Tammy.Jessen@gamuda.com.my;10375
Gary;Samuels;Gary.Samuels@gamuda.com.my;10376
Walter;Hernandez;Walter.Hernandez@gamuda.com.my;10377
Isaias;Barton;Isaias.Barton@gamuda.com.my;10378
Angela;Ingram;Angela.Ingram@gamuda.com.my;10379
Lisa;Poland;Lisa.Poland@gamuda.com.my;10380
Timothy;Gill;Timothy.Gill@gamuda.com.my;10381
Elizabeth;Navarez;Elizabeth.Navarez@gamuda.com.my;10382
Harold;Clark;Harold.Clark@gamuda.com.my;10383
Vera;Mosley;Vera.Mosley@gamuda.com.my;10384
Jason;Walker;Jason.Walker@gamuda.com.my;10385
Christopher;Bertolino;Christopher.Bertolino@gamuda.com.my;10386
Charles;Lambino;Charles.Lambino@gamuda.com.my;10387
Cleo;Linden;Cleo.Linden@gamuda.com.my;10388
Anthony;Wheeler;Anthony.Wheeler@gamuda.com.my;10389
