Jess;True;Jess.True@gamuda.com.my;10418
Wilma;Burling;Wilma.Burling@gamuda.com.my;10419
Laura;Bell;Laura.Bell@gamuda.com.my;10420
Marvin;Pederson;Marvin.Pederson@gamuda.com.my;10421
Anthony;Lincoln;Anthony.Lincoln@gamuda.com.my;10422
Sharron;Menotti;Sharron.Menotti@gamuda.com.my;10423
Evelyn;Whiteside;Evelyn.Whiteside@gamuda.com.my;10424
Nathan;Elhard;Nathan.Elhard@gamuda.com.my;10425
Fernando;Barnett;Fernando.Barnett@gamuda.com.my;10426
Ruby;Thomas;Ruby.Thomas@gamuda.com.my;10427
Lana;Koch;Lana.Koch@gamuda.com.my;10428
Judith;Davis;Judith.Davis@gamuda.com.my;10429
Todd;Smith;Todd.Smith@gamuda.com.my;10430
Susan;Snider;Susan.Snider@gamuda.com.my;10431
Geraldine;Boone;Geraldine.Boone@gamuda.com.my;10432
Roger;Byars;Roger.Byars@gamuda.com.my;10433
Paula;Heyd;Paula.Heyd@gamuda.com.my;10434
Kent;Zombory;Kent.Zombory@gamuda.com.my;10435
Doris;Padilla;Doris.Padilla@gamuda.com.my;10436
Anthony;Valentine;Anthony.Valentine@gamuda.com.my;10437
Kelly;White;Kelly.White@gamuda.com.my;10438
Chris;Miller;Chris.Miller@gamuda.com.my;10439
Randolph;Thomas;Randolph.Thomas@gamuda.com.my;10440
Leonardo;Gustafson;Leonardo.Gustafson@gamuda.com.my;10441
Greg;Green;Greg.Green@gamuda.com.my;10442
Sharron;Gonzalez;Sharron.Gonzalez@gamuda.com.my;10443
Magen;Neller;Magen.Neller@gamuda.com.my;10444
Leticia;Brown;Leticia.Brown@gamuda.com.my;10445
Daniel;Lane;Daniel.Lane@gamuda.com.my;10446
Amy;Young;Amy.Young@gamuda.com.my;10447
Lynell;Piller;Lynell.Piller@gamuda.com.my;10448
Tricia;Townsend;Tricia.Townsend@gamuda.com.my;10449
Jose;Presley;Jose.Presley@gamuda.com.my;10450
Marguerite;Spriggs;Marguerite.Spriggs@gamuda.com.my;10451
Maria;Johnson;Maria.Johnson@gamuda.com.my;10452
Roland;Clowers;Roland.Clowers@gamuda.com.my;10453
James;Townsend;James.Townsend@gamuda.com.my;10454
Jerome;Cosgrove;Jerome.Cosgrove@gamuda.com.my;10455
William;Hughley;William.Hughley@gamuda.com.my;10456
Anthony;Aguilar;Anthony.Aguilar@gamuda.com.my;10457
