Jerry;Payne;Jerry.Payne@gamuda.com.my;10390
Mack;Barnes;Mack.Barnes@gamuda.com.my;10391
Alyce;Gunnels;Alyce.Gunnels@gamuda.com.my;10392
Ronald;Wetzel;Ronald.Wetzel@gamuda.com.my;10393
Steven;Richardson;Steven.Richardson@gamuda.com.my;10394
Alejandro;Mccarthy;Alejandro.Mccarthy@gamuda.com.my;10395
Carol;Warnack;Carol.Warnack@gamuda.com.my;10396
Mary;Holmes;Mary.Holmes@gamuda.com.my;10397
Gregory;Brenner;Gregory.Brenner@gamuda.com.my;10398
Patricia;Echard;Patricia.Echard@gamuda.com.my;10399
John;Shannon;John.Shannon@gamuda.com.my;10400
