Vickie;Sabbagh;Vickie.Sabbagh@gamuda.com.my;10318
William;Wilkinson;William.Wilkinson@gamuda.com.my;10319
Herman;Stevens;Herman.Stevens@gamuda.com.my;10320
Mary;Hammond;Mary.Hammond@gamuda.com.my;10321
Manuel;Avila;Manuel.Avila@gamuda.com.my;10322
Jerry;Henderson;Jerry.Henderson@gamuda.com.my;10323
Eddie;Driggers;Eddie.Driggers@gamuda.com.my;10324
William;Smothers;William.Smothers@gamuda.com.my;10325
Vito;Acosta;Vito.Acosta@gamuda.com.my;10326
David;Lopez;David.Lopez@gamuda.com.my;10327
Jonathan;Ruiz;Jonathan.Ruiz@gamuda.com.my;10328
Victoria;Dunigan;Victoria.Dunigan@gamuda.com.my;10329
Conrad;Ackerman;Conrad.Ackerman@gamuda.com.my;10330
Latisha;Harris;Latisha.Harris@gamuda.com.my;10331
Jonathan;Guillen;Jonathan.Guillen@gamuda.com.my;10332
