Jenifer;Tillman;Jenifer.Tillman@gamuda.com.my;10295
Scott;Dunn;Scott.Dunn@gamuda.com.my;10296
Kenneth;Tillman;Kenneth.Tillman@gamuda.com.my;10297
Meghan;Myers;Meghan.Myers@gamuda.com.my;10298
Shanna;Tran;Shanna.Tran@gamuda.com.my;10299
Robert;Lemay;Robert.Lemay@gamuda.com.my;10300
Lori;Hathaway;Lori.Hathaway@gamuda.com.my;10301
Alicia;Stalvey;Alicia.Stalvey@gamuda.com.my;10302
Natalie;Martinez;Natalie.Martinez@gamuda.com.my;10303
James;Romanowski;James.Romanowski@gamuda.com.my;10304
Marty;Breceda;Marty.Breceda@gamuda.com.my;10305
Joseph;Beamon;Joseph.Beamon@gamuda.com.my;10306
Steven;Hulet;Steven.Hulet@gamuda.com.my;10307
Matthew;Cowan;Matthew.Cowan@gamuda.com.my;10308
Beulah;Wackerly;Beulah.Wackerly@gamuda.com.my;10309
Regina;Sargent;Regina.Sargent@gamuda.com.my;10310
Wendy;Diaz;Wendy.Diaz@gamuda.com.my;10311
Herbert;Sherman;Herbert.Sherman@gamuda.com.my;10312
Steven;Plummer;Steven.Plummer@gamuda.com.my;10313
Mary;Carey;Mary.Carey@gamuda.com.my;10314
Elisa;Montgomery;Elisa.Montgomery@gamuda.com.my;10315
Thomas;Gilstrap;Thomas.Gilstrap@gamuda.com.my;10316
Connie;Rachal;Connie.Rachal@gamuda.com.my;10317
